-- 1. 교수
INSERT INTO `교수` (`교수번호`, `이름`, `전공분야`) VALUES
(1001, '김민수', '데이터베이스'),
(1002, '이서연', '인공지능'),
(1003, '박지훈', '소프트웨어공학'),
(1004, '최유진', '네트워크');

-- 2. 학과
INSERT INTO `학과` (`학과명`, `전화번호`, `사무실위치`, `학과장_임명일자`, `학과장(교수번호)`) VALUES
('컴퓨터공학과', '02-111-1111', '공학관 301호', '2024-03-01', 1001),
('인공지능학과', '02-222-2222', 'AI센터 502호', '2024-03-01', 1002),
('정보통신학과', '02-333-3333', '정보관 201호', '2024-03-01', 1004);

-- 3. 학생
INSERT INTO `학생` (`학번`, `이름`, `주소`, `생년월일`, `나이`, `면담시간`, `전공지도_교수`, `학과명`) VALUES
(2023001, '홍길동', '서울시 강남구', '2004-05-12', '21', '월 10:00', 1001, '컴퓨터공학과'),
(2023002, '김하늘', '서울시 송파구', '2003-11-03', '22', '화 14:00', 1002, '인공지능학과'),
(2023003, '이준호', '경기도 성남시', '2004-02-18', '21', '수 11:00', 1003, '컴퓨터공학과'),
(2023004, '박소미', '인천시 연수구', '2003-08-27', '22', '목 13:00', 1004, '정보통신학과'),
(2023005, '최민재', '서울시 마포구', '2004-07-09', '21', '금 15:00', 1002, '인공지능학과'),
(2023006, '정다은', '경기도 수원시', '2003-12-21', '22', '월 16:00', 1001, '컴퓨터공학과');

-- 4. 과목
INSERT INTO `과목` (`과목번호`, `과목명`, `과목개요`, `교수번호`) VALUES
(501, '데이터베이스', '관계형 데이터베이스의 기본 개념 학습', 1001),
(502, '머신러닝', '기계학습 알고리즘의 원리와 활용', 1002),
(503, '소프트웨어공학', '소프트웨어 개발 방법론과 설계', 1003),
(504, '컴퓨터네트워크', '네트워크 계층 구조와 통신 원리', 1004),
(505, '자료구조', '기본 자료구조와 알고리즘 기초', 1001);

-- 5. 교수_보유기술
INSERT INTO `교수_보유기술` (`교수번호`, `보유기술`) VALUES
(1001, 'MySQL'),
(1001, 'Oracle'),
(1002, 'Python'),
(1002, 'TensorFlow'),
(1003, 'Java'),
(1003, 'UML'),
(1004, 'Cisco');

-- 6. 섹션
INSERT INTO `섹션` (`과목번호`, `섹션번호`) VALUES
(501, 1),
(501, 2),
(502, 1),
(503, 1),
(504, 1),
(505, 1),
(505, 2);

-- 7. 수강
INSERT INTO `수강` (`학번`, `과목번호`) VALUES
(2023001, 501),
(2023001, 505),
(2023002, 502),
(2023002, 501),
(2023003, 503),
(2023003, 505),
(2023004, 504),
(2023005, 502),
(2023005, 501),
(2023006, 501),
(2023006, 503);

select*from 교수;
select*from 교수_보유기술;
select*from 학과;
select*from 수강;
select*from 학생;
select*from 과목;
select*from 섹션;


select a.과목명, b.이름 교수명
from 과목 a, 교수 b
where a.교수번호 = b.교수번호;